order_id,order_date,customer_id,product_id,quantity,price
O05000,2024-01-01,C1482,P104,5,131
O05001,2024-01-02,C1652,P105,4,86
O05002,2024-01-03,C1762,P101,4,74
O05003,2024-01-04,C1172,P104,3,151
O05004,2024-01-05,C1796,P101,1,86
O05005,2024-01-06,C1496,P104,4,177
O05006,2024-01-07,C1475,P102,4,151
O05007,2024-01-08,C1598,P108,5,142
O05008,2024-01-09,C1137,P103,3,42
O05009,2024-01-10,C1971,P109,2,96
O05010,2024-01-11,C1249,P108,4,197
O05011,2024-01-12,C1867,P100,1,62
O05012,2024-01-13,C1478,P109,3,169
O05013,2024-01-14,C1434,P109,4,187
O05014,2024-01-15,C1627,P109,4,185
O05015,2024-01-16,C1849,P100,5,45
O05016,2024-01-17,C1890,P104,4,88
O05017,2024-01-18,C1005,P102,3,143
O05018,2024-01-19,C1984,P102,4,164
O05019,2024-01-20,C1266,P100,5,129
O05020,2024-01-21,C1918,P102,5,143
O05021,2024-01-22,C1381,P106,1,125
O05022,2024-01-23,C1662,P104,4,75
O05023,2024-01-24,C1470,P107,2,95
O05024,2024-01-25,C1052,P104,5,80
O05025,2024-01-26,C1462,P106,5,148
O05026,2024-01-27,C1130,P105,5,122
O05027,2024-01-28,C1089,P106,4,54
O05028,2024-01-29,C1346,P109,1,47
O05029,2024-01-30,C1519,P109,4,167
O05030,2024-01-31,C1150,P101,1,141
O05031,2024-02-01,C1128,P105,1,179
O05032,2024-02-02,C1559,P102,4,170
O05033,2024-02-03,C1065,P105,1,84
O05034,2024-02-04,C1189,P108,2,36
O05035,2024-02-05,C1599,P108,2,139
O05036,2024-02-06,C1895,P107,3,98
O05037,2024-02-07,C1500,P103,2,142
O05038,2024-02-08,C1743,P108,4,67
O05039,2024-02-09,C1130,P109,2,32
O05040,2024-02-10,C1122,P101,1,100
O05041,2024-02-11,C1717,P101,3,63
O05042,2024-02-12,C1829,P107,2,69
O05043,2024-02-13,C1957,P102,3,58
O05044,2024-02-14,C1404,P101,5,121
O05045,2024-02-15,C1499,P105,1,82
O05046,2024-02-16,C1551,P100,2,42
O05047,2024-02-17,C1794,P104,2,174
O05048,2024-02-18,C1537,P109,4,46
O05049,2024-02-19,C1915,P102,4,55
O05050,2024-02-20,C1741,P102,3,182
O05051,2024-02-21,C1339,P102,5,186
O05052,2024-02-22,C1094,P101,5,109
O05053,2024-02-23,C1927,P106,3,62
O05054,2024-02-24,C1370,P101,5,152
O05055,2024-02-25,C1891,P102,4,146
O05056,2024-02-26,C1275,P101,3,84
O05057,2024-02-27,C1463,P106,4,176
O05058,2024-02-28,C1769,P109,5,106
O05059,2024-02-29,C1953,P104,5,63
O05060,2024-03-01,C1679,P104,3,45
O05061,2024-03-02,C1608,P100,3,120
O05062,2024-03-03,C1104,P109,2,63
O05063,2024-03-04,C1115,P102,2,107
O05064,2024-03-05,C1328,P102,4,100
O05065,2024-03-06,C1298,P103,1,115
O05066,2024-03-07,C1957,P106,5,68
O05067,2024-03-08,C1625,P108,2,133
O05068,2024-03-09,C1524,P109,1,141
O05069,2024-03-10,C1600,P100,3,47
O05070,2024-03-11,C1496,P107,4,51
O05071,2024-03-12,C1220,P100,4,148
O05072,2024-03-13,C1649,P107,3,113
O05073,2024-03-14,C1784,P104,5,95
O05074,2024-03-15,C1114,P109,1,145
O05075,2024-03-16,C1025,P105,1,111
O05076,2024-03-17,C1908,P103,3,110
O05077,2024-03-18,C1875,P103,3,185
O05078,2024-03-19,C1354,P105,1,140
O05079,2024-03-20,C1879,P107,1,57
O05080,2024-03-21,C1092,P109,5,129
O05081,2024-03-22,C1451,P109,5,67
O05082,2024-03-23,C1366,P105,4,102
O05083,2024-03-24,C1322,P106,2,137
O05084,2024-03-25,C1316,P104,4,94
O05085,2024-03-26,C1982,P106,1,31
O05086,2024-03-27,C1424,P105,2,168
O05087,2024-03-28,C1179,P101,5,108
O05088,2024-03-29,C1410,P106,4,88
O05089,2024-03-30,C1101,P103,3,75
O05090,2024-03-31,C1558,P100,5,36
O05091,2024-04-01,C1276,P107,5,104
O05092,2024-04-02,C1528,P101,4,58
O05093,2024-04-03,C1845,P109,2,132
O05094,2024-04-04,C1066,P102,3,123
O05095,2024-04-05,C1299,P104,5,140
O05096,2024-04-06,C1260,P105,3,108
O05097,2024-04-07,C1303,P107,5,126
O05098,2024-04-08,C1411,P108,3,35
O05099,2024-04-09,C1910,P102,2,66
O05100,2024-04-10,C1491,P100,1,128
O05101,2024-04-11,C1501,P107,4,148
O05102,2024-04-12,C1899,P108,2,179
O05103,2024-04-13,C1505,P105,5,77
O05104,2024-04-14,C1650,P103,4,61
O05105,2024-04-15,C1273,P105,3,72
O05106,2024-04-16,C1990,P103,5,191
O05107,2024-04-17,C1482,P107,2,38
O05108,2024-04-18,C1378,P103,5,159
O05109,2024-04-19,C1049,P109,3,157
O05110,2024-04-20,C1537,P101,1,117
O05111,2024-04-21,C1660,P101,4,175
O05112,2024-04-22,C1310,P105,1,184
O05113,2024-04-23,C1236,P103,2,101
O05114,2024-04-24,C1610,P104,5,177
O05115,2024-04-25,C1838,P105,5,139
O05116,2024-04-26,C1650,P109,2,143
O05117,2024-04-27,C1991,P106,3,179
O05118,2024-04-28,C1589,P107,4,149
O05119,2024-04-29,C1785,P103,2,180
O05120,2024-04-30,C1709,P106,4,146
O05121,2024-05-01,C1192,P105,1,160
O05122,2024-05-02,C1211,P100,1,153
O05123,2024-05-03,C1277,P107,3,79
O05124,2024-05-04,C1928,P103,2,35
O05125,2024-05-05,C1400,P100,4,115
O05126,2024-05-06,C1667,P106,5,109
O05127,2024-05-07,C1123,P106,4,45
O05128,2024-05-08,C1248,P103,3,89
O05129,2024-05-09,C1191,P101,1,181
O05130,2024-05-10,C1626,P102,2,67
O05131,2024-05-11,C1278,P105,4,159
O05132,2024-05-12,C1276,P108,4,144
O05133,2024-05-13,C1914,P106,2,131
O05134,2024-05-14,C1965,P107,1,118
O05135,2024-05-15,C1238,P102,1,184
O05136,2024-05-16,C1101,P104,4,153
O05137,2024-05-17,C1505,P102,5,98
O05138,2024-05-18,C1625,P105,1,131
O05139,2024-05-19,C1001,P107,1,33
O05140,2024-05-20,C1603,P106,2,198
O05141,2024-05-21,C1329,P105,3,92
O05142,2024-05-22,C1077,P106,5,183
O05143,2024-05-23,C1333,P102,1,99
O05144,2024-05-24,C1424,P104,4,200
O05145,2024-05-25,C1290,P100,4,152
O05146,2024-05-26,C1960,P105,5,145
O05147,2024-05-27,C1583,P106,1,59
O05148,2024-05-28,C1560,P103,1,132
O05149,2024-05-29,C1679,P101,3,171
O05150,2024-05-30,C1965,P109,2,39
O05151,2024-05-31,C1841,P107,3,180
O05152,2024-06-01,C1744,P101,5,97
O05153,2024-06-02,C1063,P100,4,103
O05154,2024-06-03,C1172,P102,1,121
O05155,2024-06-04,C1980,P104,2,183
O05156,2024-06-05,C1537,P103,3,176
O05157,2024-06-06,C1746,P104,1,100
O05158,2024-06-07,C1872,P106,4,127
O05159,2024-06-08,C1401,P106,4,62
O05160,2024-06-09,C1838,P107,1,196
O05161,2024-06-10,C1715,P105,5,139
O05162,2024-06-11,C1644,P106,2,87
O05163,2024-06-12,C1915,P106,3,140
O05164,2024-06-13,C1871,P106,3,172
O05165,2024-06-14,C1420,P105,5,49
O05166,2024-06-15,C1501,P101,3,53
O05167,2024-06-16,C1698,P104,2,113
O05168,2024-06-17,C1503,P100,5,189
O05169,2024-06-18,C1861,P108,5,182
O05170,2024-06-19,C1337,P101,3,176
O05171,2024-06-20,C1929,P103,1,38
O05172,2024-06-21,C1430,P101,4,186
O05173,2024-06-22,C1278,P103,4,186
O05174,2024-06-23,C1656,P109,4,90
O05175,2024-06-24,C1676,P103,4,74
O05176,2024-06-25,C1369,P108,2,139
O05177,2024-06-26,C1478,P104,4,191
O05178,2024-06-27,C1270,P107,3,67
O05179,2024-06-28,C1407,P102,3,135
O05180,2024-06-29,C1690,P106,4,197
O05181,2024-06-30,C1091,P106,1,41
O05182,2024-07-01,C1379,P108,3,198
O05183,2024-07-02,C1088,P105,5,75
O05184,2024-07-03,C1193,P108,3,136
O05185,2024-07-04,C1743,P103,2,195
O05186,2024-07-05,C1999,P102,4,44
O05187,2024-07-06,C1194,P104,5,66
O05188,2024-07-07,C1563,P104,3,48
O05189,2024-07-08,C1291,P102,1,49
O05190,2024-07-09,C1522,P105,1,187
O05191,2024-07-10,C1079,P103,1,104
O05192,2024-07-11,C1231,P101,4,173
O05193,2024-07-12,C1921,P107,4,190
O05194,2024-07-13,C1480,P105,1,115
O05195,2024-07-14,C1647,P106,4,138
O05196,2024-07-15,C1985,P104,3,99
O05197,2024-07-16,C1138,P100,2,90
O05198,2024-07-17,C1507,P109,5,86
O05199,2024-07-18,C1314,P101,1,38
O05200,2024-07-19,C1818,P105,2,98
O05201,2024-07-20,C1384,P105,5,104
O05202,2024-07-21,C1317,P101,3,173
O05203,2024-07-22,C1028,P104,2,90
O05204,2024-07-23,C1845,P100,2,51
O05205,2024-07-24,C1784,P109,1,144
O05206,2024-07-25,C1777,P101,2,157
O05207,2024-07-26,C1875,P105,5,107
O05208,2024-07-27,C1792,P102,4,63
O05209,2024-07-28,C1431,P101,3,175
O05210,2024-07-29,C1505,P101,3,132
O05211,2024-07-30,C1882,P101,1,66
O05212,2024-07-31,C1634,P109,5,197
O05213,2024-08-01,C1446,P101,5,66
O05214,2024-08-02,C1886,P100,2,172
O05215,2024-08-03,C1813,P109,4,95
O05216,2024-08-04,C1723,P107,2,84
O05217,2024-08-05,C1530,P103,5,50
O05218,2024-08-06,C1790,P100,5,162
O05219,2024-08-07,C1179,P100,3,193
O05220,2024-08-08,C1759,P107,3,51
O05221,2024-08-09,C1692,P100,4,171
O05222,2024-08-10,C1984,P105,2,58
O05223,2024-08-11,C1267,P106,1,41
O05224,2024-08-12,C1298,P109,2,131
O05225,2024-08-13,C1100,P101,2,66
O05226,2024-08-14,C1281,P104,3,114
O05227,2024-08-15,C1000,P103,2,101
O05228,2024-08-16,C1104,P100,1,104
O05229,2024-08-17,C1922,P108,3,183
O05230,2024-08-18,C1160,P103,2,90
O05231,2024-08-19,C1634,P105,5,151
O05232,2024-08-20,C1795,P109,4,48
O05233,2024-08-21,C1230,P102,1,182
O05234,2024-08-22,C1780,P109,3,125
O05235,2024-08-23,C1550,P109,5,49
O05236,2024-08-24,C1522,P100,1,157
O05237,2024-08-25,C1075,P105,2,98
O05238,2024-08-26,C1554,P109,4,124
O05239,2024-08-27,C1273,P109,3,79
O05240,2024-08-28,C1594,P104,1,162
O05241,2024-08-29,C1896,P106,1,146
O05242,2024-08-30,C1041,P100,1,105
O05243,2024-08-31,C1079,P104,1,73
O05244,2024-09-01,C1662,P102,1,187
O05245,2024-09-02,C1255,P109,3,84
O05246,2024-09-03,C1809,P101,4,41
O05247,2024-09-04,C1317,P103,2,159
O05248,2024-09-05,C1140,P101,5,41
O05249,2024-09-06,C1649,P109,2,78
O05250,2024-09-07,C1819,P100,4,65
O05251,2024-09-08,C1676,P108,1,38
O05252,2024-09-09,C1344,P107,3,57
O05253,2024-09-10,C1771,P101,5,113
O05254,2024-09-11,C1416,P100,5,185
O05255,2024-09-12,C1288,P109,3,104
O05256,2024-09-13,C1541,P106,1,101
O05257,2024-09-14,C1147,P102,5,138
O05258,2024-09-15,C1974,P103,3,45
O05259,2024-09-16,C1920,P105,2,134
O05260,2024-09-17,C1540,P100,3,161
O05261,2024-09-18,C1865,P104,1,38
O05262,2024-09-19,C1818,P107,5,194
O05263,2024-09-20,C1697,P105,4,108
O05264,2024-09-21,C1779,P102,5,199
O05265,2024-09-22,C1090,P103,2,137
O05266,2024-09-23,C1379,P104,5,164
O05267,2024-09-24,C1893,P101,5,68
O05268,2024-09-25,C1106,P105,2,186
O05269,2024-09-26,C1451,P104,4,168
O05270,2024-09-27,C1543,P108,5,99
O05271,2024-09-28,C1524,P100,5,113
O05272,2024-09-29,C1806,P102,1,47
O05273,2024-09-30,C1628,P104,4,200
O05274,2024-10-01,C1686,P103,1,81
O05275,2024-10-02,C1369,P101,3,99
O05276,2024-10-03,C1850,P109,2,196
O05277,2024-10-04,C1434,P103,5,177
O05278,2024-10-05,C1455,P109,4,96
O05279,2024-10-06,C1738,P108,5,160
O05280,2024-10-07,C1353,P105,2,131
O05281,2024-10-08,C1499,P101,1,120
O05282,2024-10-09,C1469,P105,5,173
O05283,2024-10-10,C1766,P104,3,42
O05284,2024-10-11,C1015,P103,5,138
O05285,2024-10-12,C1260,P106,2,100
O05286,2024-10-13,C1021,P102,2,186
O05287,2024-10-14,C1670,P109,4,161
O05288,2024-10-15,C1971,P107,5,167
O05289,2024-10-16,C1877,P108,1,152
O05290,2024-10-17,C1789,P107,3,103
O05291,2024-10-18,C1688,P109,2,119
O05292,2024-10-19,C1657,P105,1,59
O05293,2024-10-20,C1906,P102,5,169
O05294,2024-10-21,C1868,P109,3,169
O05295,2024-10-22,C1772,P105,1,189
O05296,2024-10-23,C1200,P104,5,67
O05297,2024-10-24,C1002,P107,1,115
O05298,2024-10-25,C1674,P105,2,67
O05299,2024-10-26,C1647,P102,4,157
O05300,2024-10-27,C1759,P104,3,118
O05301,2024-10-28,C1927,P104,1,105
O05302,2024-10-29,C1051,P109,1,168
O05303,2024-10-30,C1171,P100,3,186
O05304,2024-10-31,C1101,P107,1,140
O05305,2024-11-01,C1503,P108,3,147
O05306,2024-11-02,C1034,P108,1,89
O05307,2024-11-03,C1861,P105,4,174
O05308,2024-11-04,C1719,P101,1,133
O05309,2024-11-05,C1288,P100,5,73
O05310,2024-11-06,C1744,P101,1,63
O05311,2024-11-07,C1393,P101,1,75
O05312,2024-11-08,C1412,P100,4,108
O05313,2024-11-09,C1781,P105,1,118
O05314,2024-11-10,C1863,P108,4,146
O05315,2024-11-11,C1720,P103,5,108
O05316,2024-11-12,C1594,P100,1,89
O05317,2024-11-13,C1965,P108,5,103
O05318,2024-11-14,C1479,P108,5,187
O05319,2024-11-15,C1645,P100,1,125
O05320,2024-11-16,C1159,P105,4,194
O05321,2024-11-17,C1602,P104,2,175
O05322,2024-11-18,C1667,P107,2,66
O05323,2024-11-19,C1838,P102,3,181
O05324,2024-11-20,C1412,P105,3,95
O05325,2024-11-21,C1099,P106,1,103
O05326,2024-11-22,C1778,P101,5,36
O05327,2024-11-23,C1186,P102,5,44
O05328,2024-11-24,C1704,P104,1,50
O05329,2024-11-25,C1014,P109,1,60
O05330,2024-11-26,C1703,P100,3,71
O05331,2024-11-27,C1400,P102,3,68
O05332,2024-11-28,C1758,P105,1,185
O05333,2024-11-29,C1078,P108,5,37
O05334,2024-11-30,C1573,P107,2,74
O05335,2024-12-01,C1769,P103,3,182
O05336,2024-12-02,C1773,P102,1,140
O05337,2024-12-03,C1760,P106,2,113
O05338,2024-12-04,C1815,P104,3,135
O05339,2024-12-05,C1517,P100,4,106
O05340,2024-12-06,C1259,P100,1,87
O05341,2024-12-07,C1896,P103,3,115
O05342,2024-12-08,C1519,P109,5,66
O05343,2024-12-09,C1832,P109,3,99
O05344,2024-12-10,C1751,P107,5,72
O05345,2024-12-11,C1021,P107,4,102
O05346,2024-12-12,C1008,P104,3,81
O05347,2024-12-13,C1579,P106,1,59
O05348,2024-12-14,C1404,P105,1,106
O05349,2024-12-15,C1897,P109,3,148
O05350,2024-12-16,C1417,P102,3,184
O05351,2024-12-17,C1259,P105,3,49
O05352,2024-12-18,C1641,P106,4,185
O05353,2024-12-19,C1535,P107,4,120
O05354,2024-12-20,C1279,P109,1,186
O05355,2024-12-21,C1651,P101,3,128
O05356,2024-12-22,C1633,P100,3,144
O05357,2024-12-23,C1174,P109,1,188
O05358,2024-12-24,C1115,P107,1,40
O05359,2024-12-25,C1086,P107,2,45
O05360,2024-12-26,C1909,P105,4,97
O05361,2024-12-27,C1659,P101,3,127
O05362,2024-12-28,C1732,P103,1,157
O05363,2024-12-29,C1224,P105,4,124
O05364,2024-12-30,C1979,P103,5,99
O05365,2024-12-31,C1206,P106,3,119
O05366,2025-01-01,C1528,P103,3,110
O05367,2025-01-02,C1445,P106,5,48
O05368,2025-01-03,C1551,P104,3,61
O05369,2025-01-04,C1295,P109,2,106
O05370,2025-01-05,C1013,P109,5,187
O05371,2025-01-06,C1062,P108,1,134
O05372,2025-01-07,C1980,P109,5,39
O05373,2025-01-08,C1507,P100,2,147
O05374,2025-01-09,C1545,P107,5,160
O05375,2025-01-10,C1135,P101,4,67
O05376,2025-01-11,C1850,P101,3,186
O05377,2025-01-12,C1970,P100,3,52
O05378,2025-01-13,C1791,P106,5,125
O05379,2025-01-14,C1130,P109,2,171
O05380,2025-01-15,C1868,P108,2,51
O05381,2025-01-16,C1369,P102,1,117
O05382,2025-01-17,C1217,P101,1,137
O05383,2025-01-18,C1292,P102,3,68
O05384,2025-01-19,C1288,P103,5,139
O05385,2025-01-20,C1338,P103,4,137
O05386,2025-01-21,C1063,P105,5,39
O05387,2025-01-22,C1797,P108,1,154
O05388,2025-01-23,C1280,P101,2,184
O05389,2025-01-24,C1267,P102,3,30
O05390,2025-01-25,C1048,P100,5,114
O05391,2025-01-26,C1297,P102,4,73
O05392,2025-01-27,C1323,P109,3,71
O05393,2025-01-28,C1463,P108,3,122
O05394,2025-01-29,C1351,P101,3,131
O05395,2025-01-30,C1251,P100,3,110
O05396,2025-01-31,C1197,P107,3,44
O05397,2025-02-01,C1977,P103,4,87
O05398,2025-02-02,C1781,P107,5,58
O05399,2025-02-03,C1440,P100,3,163
O05400,2025-02-04,C1500,P106,5,103
O05401,2025-02-05,C1143,P105,5,66
O05402,2025-02-06,C1733,P107,1,144
O05403,2025-02-07,C1172,P105,4,155
O05404,2025-02-08,C1677,P103,3,49
O05405,2025-02-09,C1918,P109,4,119
O05406,2025-02-10,C1612,P108,5,116
O05407,2025-02-11,C1551,P100,4,46
O05408,2025-02-12,C1822,P100,3,121
O05409,2025-02-13,C1819,P107,1,39
O05410,2025-02-14,C1357,P102,4,67
O05411,2025-02-15,C1206,P100,2,87
O05412,2025-02-16,C1212,P101,5,151
O05413,2025-02-17,C1114,P102,5,70
O05414,2025-02-18,C1851,P105,2,175
O05415,2025-02-19,C1390,P105,1,188
O05416,2025-02-20,C1107,P105,1,124
O05417,2025-02-21,C1431,P104,5,137
O05418,2025-02-22,C1787,P101,2,146
O05419,2025-02-23,C1605,P107,1,80
O05420,2025-02-24,C1377,P102,1,63
O05421,2025-02-25,C1625,P105,3,37
O05422,2025-02-26,C1041,P101,3,104
O05423,2025-02-27,C1512,P107,1,92
O05424,2025-02-28,C1783,P101,3,160
O05425,2025-03-01,C1565,P101,5,198
O05426,2025-03-02,C1565,P108,1,85
O05427,2025-03-03,C1158,P102,2,193
O05428,2025-03-04,C1381,P109,5,63
O05429,2025-03-05,C1716,P107,2,171
O05430,2025-03-06,C1203,P102,5,38
O05431,2025-03-07,C1157,P105,3,33
O05432,2025-03-08,C1476,P102,1,156
O05433,2025-03-09,C1431,P107,5,143
O05434,2025-03-10,C1170,P101,1,65
O05435,2025-03-11,C1760,P107,2,64
O05436,2025-03-12,C1010,P103,4,31
O05437,2025-03-13,C1470,P107,4,51
O05438,2025-03-14,C1265,P101,4,73
O05439,2025-03-15,C1887,P106,4,67
O05440,2025-03-16,C1016,P106,4,109
O05441,2025-03-17,C1470,P100,3,183
O05442,2025-03-18,C1348,P107,4,41
O05443,2025-03-19,C1134,P104,1,132
O05444,2025-03-20,C1286,P108,1,178
O05445,2025-03-21,C1857,P103,2,64
O05446,2025-03-22,C1240,P106,4,36
O05447,2025-03-23,C1949,P105,2,132
O05448,2025-03-24,C1537,P107,5,97
O05449,2025-03-25,C1316,P109,3,161
O05450,2025-03-26,C1019,P100,5,200
O05451,2025-03-27,C1252,P102,4,149
O05452,2025-03-28,C1135,P101,5,63
O05453,2025-03-29,C1329,P106,1,146
O05454,2025-03-30,C1215,P103,5,60
O05455,2025-03-31,C1810,P108,2,128
O05456,2025-04-01,C1691,P103,5,65
O05457,2025-04-02,C1975,P105,2,39
O05458,2025-04-03,C1988,P109,1,149
O05459,2025-04-04,C1281,P100,3,147
O05460,2025-04-05,C1075,P108,5,127
O05461,2025-04-06,C1672,P109,5,141
O05462,2025-04-07,C1266,P103,3,43
O05463,2025-04-08,C1129,P106,5,173
O05464,2025-04-09,C1767,P100,2,31
O05465,2025-04-10,C1649,P107,4,165
O05466,2025-04-11,C1831,P104,5,112
O05467,2025-04-12,C1264,P108,1,192
O05468,2025-04-13,C1276,P106,4,32
O05469,2025-04-14,C1727,P103,5,83
O05470,2025-04-15,C1195,P102,5,50
O05471,2025-04-16,C1463,P102,5,87
O05472,2025-04-17,C1299,P104,2,90
O05473,2025-04-18,C1750,P101,1,188
O05474,2025-04-19,C1321,P103,5,64
O05475,2025-04-20,C1683,P105,4,46
O05476,2025-04-21,C1565,P105,4,59
O05477,2025-04-22,C1536,P102,1,150
O05478,2025-04-23,C1147,P105,5,107
O05479,2025-04-24,C1468,P100,3,196
O05480,2025-04-25,C1853,P103,3,177
O05481,2025-04-26,C1666,P105,2,134
O05482,2025-04-27,C1516,P101,1,116
O05483,2025-04-28,C1848,P100,1,84
O05484,2025-04-29,C1321,P106,5,101
O05485,2025-04-30,C1235,P109,2,138
O05486,2025-05-01,C1216,P106,1,74
O05487,2025-05-02,C1513,P102,4,42
O05488,2025-05-03,C1394,P106,5,192
O05489,2025-05-04,C1309,P101,1,183
O05490,2025-05-05,C1340,P101,2,193
O05491,2025-05-06,C1451,P100,3,134
O05492,2025-05-07,C1969,P108,2,76
O05493,2025-05-08,C1228,P102,5,151
O05494,2025-05-09,C1306,P101,2,35
O05495,2025-05-10,C1547,P104,3,39
O05496,2025-05-11,C1135,P109,3,108
O05497,2025-05-12,C1428,P105,1,101
O05498,2025-05-13,C1412,P105,3,36
O05499,2025-05-14,C1721,P109,3,125
O05500,2025-05-15,C1156,P105,3,61
O05501,2025-05-16,C1474,P104,5,49
O05502,2025-05-17,C1712,P106,4,42
O05503,2025-05-18,C1828,P105,2,174
O05504,2025-05-19,C1862,P104,1,127
O05505,2025-05-20,C1383,P102,3,51
O05506,2025-05-21,C1194,P105,2,84
O05507,2025-05-22,C1820,P106,2,32
O05508,2025-05-23,C1425,P102,3,137
O05509,2025-05-24,C1352,P104,1,50
O05510,2025-05-25,C1332,P109,3,77
O05511,2025-05-26,C1121,P107,4,115
O05512,2025-05-27,C1363,P107,5,36
O05513,2025-05-28,C1328,P100,2,151
O05514,2025-05-29,C1499,P106,4,52
O05515,2025-05-30,C1194,P109,5,197
O05516,2025-05-31,C1579,P105,3,185
O05517,2025-06-01,C1602,P100,2,57
O05518,2025-06-02,C1568,P103,2,156
O05519,2025-06-03,C1618,P107,1,32
O05520,2025-06-04,C1090,P101,1,186
O05521,2025-06-05,C1894,P106,2,97
O05522,2025-06-06,C1434,P105,3,117
O05523,2025-06-07,C1836,P105,1,71
O05524,2025-06-08,C1149,P106,5,35
O05525,2025-06-09,C1415,P108,4,69
O05526,2025-06-10,C1548,P107,5,98
O05527,2025-06-11,C1931,P101,2,184
O05528,2025-06-12,C1929,P101,5,54
O05529,2025-06-13,C1693,P109,3,148
O05530,2025-06-14,C1661,P107,5,155
O05531,2025-06-15,C1224,P101,4,105
O05532,2025-06-16,C1233,P102,1,138
O05533,2025-06-17,C1165,P105,1,49
O05534,2025-06-18,C1082,P107,5,32
O05535,2025-06-19,C1861,P106,1,153
O05536,2025-06-20,C1957,P104,4,75
O05537,2025-06-21,C1799,P101,1,180
O05538,2025-06-22,C1466,P108,2,74
O05539,2025-06-23,C1403,P104,2,195
O05540,2025-06-24,C1889,P100,5,109
O05541,2025-06-25,C1447,P107,2,163
O05542,2025-06-26,C1229,P105,3,166
O05543,2025-06-27,C1909,P108,2,152
O05544,2025-06-28,C1613,P103,2,185
O05545,2025-06-29,C1474,P102,2,184
O05546,2025-06-30,C1827,P105,2,146
O05547,2025-07-01,C1530,P103,2,77
O05548,2025-07-02,C1309,P103,1,90
O05549,2025-07-03,C1067,P101,2,97
O05550,2025-07-04,C1800,P104,1,196
O05551,2025-07-05,C1184,P108,3,139
O05552,2025-07-06,C1615,P100,4,39
O05553,2025-07-07,C1034,P102,4,62
O05554,2025-07-08,C1997,P101,4,190
O05555,2025-07-09,C1792,P101,1,99
O05556,2025-07-10,C1745,P101,3,154
O05557,2025-07-11,C1101,P102,5,85
O05558,2025-07-12,C1755,P105,3,44
O05559,2025-07-13,C1588,P104,2,180
O05560,2025-07-14,C1160,P105,1,176
O05561,2025-07-15,C1459,P101,5,45
O05562,2025-07-16,C1860,P103,1,86
O05563,2025-07-17,C1953,P106,4,40
O05564,2025-07-18,C1977,P107,5,87
O05565,2025-07-19,C1791,P108,4,171
O05566,2025-07-20,C1732,P103,4,87
O05567,2025-07-21,C1090,P100,3,96
O05568,2025-07-22,C1486,P106,2,102
O05569,2025-07-23,C1250,P100,4,60
O05570,2025-07-24,C1631,P105,2,134
O05571,2025-07-25,C1459,P109,5,124
O05572,2025-07-26,C1349,P109,5,58
O05573,2025-07-27,C1065,P105,5,102
O05574,2025-07-28,C1837,P100,3,47
O05575,2025-07-29,C1766,P107,2,148
O05576,2025-07-30,C1775,P106,5,121
O05577,2025-07-31,C1023,P103,5,40
O05578,2025-08-01,C1223,P108,1,33
O05579,2025-08-02,C1714,P107,5,120
O05580,2025-08-03,C1437,P106,1,118
O05581,2025-08-04,C1712,P104,2,88
O05582,2025-08-05,C1239,P100,3,122
O05583,2025-08-06,C1172,P105,4,106
O05584,2025-08-07,C1225,P102,4,82
O05585,2025-08-08,C1029,P101,3,34
O05586,2025-08-09,C1516,P105,4,115
O05587,2025-08-10,C1484,P102,5,180
O05588,2025-08-11,C1489,P106,2,90
O05589,2025-08-12,C1296,P102,4,114
O05590,2025-08-13,C1576,P103,3,134
O05591,2025-08-14,C1250,P101,1,151
O05592,2025-08-15,C1823,P100,1,142
O05593,2025-08-16,C1482,P107,1,188
O05594,2025-08-17,C1922,P108,5,110
O05595,2025-08-18,C1978,P106,3,143
O05596,2025-08-19,C1457,P101,1,194
O05597,2025-08-20,C1655,P108,4,57
O05598,2025-08-21,C1263,P107,2,76
O05599,2025-08-22,C1555,P109,3,78
O05600,2025-08-23,C1963,P104,1,111
O05601,2025-08-24,C1311,P103,1,142
O05602,2025-08-25,C1957,P104,2,46
O05603,2025-08-26,C1707,P105,2,186
O05604,2025-08-27,C1487,P105,4,150
O05605,2025-08-28,C1316,P108,3,61
O05606,2025-08-29,C1222,P106,2,64
O05607,2025-08-30,C1549,P106,5,118
O05608,2025-08-31,C1828,P108,2,183
O05609,2025-09-01,C1987,P107,3,163
O05610,2025-09-02,C1698,P100,4,46
O05611,2025-09-03,C1197,P104,4,69
O05612,2025-09-04,C1322,P101,5,33
O05613,2025-09-05,C1077,P107,2,146
O05614,2025-09-06,C1370,P104,2,164
O05615,2025-09-07,C1159,P108,4,101
O05616,2025-09-08,C1932,P108,5,139
O05617,2025-09-09,C1945,P103,4,47
O05618,2025-09-10,C1106,P101,1,153
O05619,2025-09-11,C1296,P105,3,78
O05620,2025-09-12,C1478,P108,5,121
O05621,2025-09-13,C1771,P109,3,89
O05622,2025-09-14,C1493,P108,2,102
O05623,2025-09-15,C1137,P105,1,147
O05624,2025-09-16,C1628,P102,2,175
O05625,2025-09-17,C1460,P108,4,185
O05626,2025-09-18,C1947,P103,2,62
O05627,2025-09-19,C1348,P101,3,90
O05628,2025-09-20,C1854,P104,4,50
O05629,2025-09-21,C1267,P102,5,112
O05630,2025-09-22,C1097,P105,4,158
O05631,2025-09-23,C1087,P103,1,110
O05632,2025-09-24,C1864,P106,2,35
O05633,2025-09-25,C1611,P105,5,38
O05634,2025-09-26,C1459,P105,1,50
O05635,2025-09-27,C1037,P107,5,152
O05636,2025-09-28,C1408,P103,2,148
O05637,2025-09-29,C1247,P101,5,65
O05638,2025-09-30,C1953,P100,4,104
O05639,2025-10-01,C1433,P104,5,136
O05640,2025-10-02,C1800,P106,4,103
O05641,2025-10-03,C1861,P107,3,145
O05642,2025-10-04,C1631,P108,1,35
O05643,2025-10-05,C1778,P108,3,180
O05644,2025-10-06,C1182,P103,4,147
O05645,2025-10-07,C1962,P101,1,61
O05646,2025-10-08,C1136,P106,3,134
O05647,2025-10-09,C1689,P100,2,115
O05648,2025-10-10,C1639,P108,5,194
O05649,2025-10-11,C1976,P100,1,136
O05650,2025-10-12,C1966,P108,3,93
O05651,2025-10-13,C1381,P108,2,156
O05652,2025-10-14,C1371,P103,1,90
O05653,2025-10-15,C1134,P104,3,165
O05654,2025-10-16,C1184,P103,2,191
O05655,2025-10-17,C1551,P101,2,34
O05656,2025-10-18,C1163,P109,2,176
O05657,2025-10-19,C1671,P104,2,42
O05658,2025-10-20,C1650,P108,5,166
O05659,2025-10-21,C1507,P100,5,140
O05660,2025-10-22,C1130,P104,4,93
O05661,2025-10-23,C1657,P107,5,96
O05662,2025-10-24,C1873,P104,1,105
O05663,2025-10-25,C1515,P100,5,185
O05664,2025-10-26,C1847,P101,5,78
O05665,2025-10-27,C1501,P109,3,146
O05666,2025-10-28,C1060,P105,4,196
O05667,2025-10-29,C1248,P100,5,44
O05668,2025-10-30,C1108,P103,4,164
O05669,2025-10-31,C1337,P102,2,40
O05670,2025-11-01,C1762,P103,4,109
O05671,2025-11-02,C1502,P109,2,152
O05672,2025-11-03,C1810,P108,1,62
O05673,2025-11-04,C1635,P100,5,165
O05674,2025-11-05,C1841,P107,5,99
O05675,2025-11-06,C1020,P104,1,90
O05676,2025-11-07,C1339,P108,1,161
O05677,2025-11-08,C1052,P102,1,34
O05678,2025-11-09,C1183,P103,3,200
O05679,2025-11-10,C1802,P107,3,117
O05680,2025-11-11,C1166,P109,1,44
O05681,2025-11-12,C1641,P106,2,82
O05682,2025-11-13,C1817,P109,5,42
O05683,2025-11-14,C1456,P104,2,146
O05684,2025-11-15,C1935,P108,4,188
O05685,2025-11-16,C1201,P104,5,51
O05686,2025-11-17,C1205,P108,1,112
O05687,2025-11-18,C1125,P106,3,31
O05688,2025-11-19,C1974,P104,5,103
O05689,2025-11-20,C1458,P103,5,98
O05690,2025-11-21,C1863,P101,2,169
O05691,2025-11-22,C1182,P103,4,101
O05692,2025-11-23,C1476,P106,1,156
O05693,2025-11-24,C1718,P103,4,112
O05694,2025-11-25,C1529,P108,4,184
O05695,2025-11-26,C1926,P102,3,74
O05696,2025-11-27,C1911,P102,4,103
O05697,2025-11-28,C1685,P106,4,183
O05698,2025-11-29,C1644,P109,2,87
O05699,2025-11-30,C1330,P101,1,102
O05700,2025-12-01,C1187,P106,5,100
O05701,2025-12-02,C1601,P102,4,176
O05702,2025-12-03,C1762,P107,4,174
O05703,2025-12-04,C1312,P102,1,188
O05704,2025-12-05,C1132,P108,3,170
O05705,2025-12-06,C1860,P103,4,166
O05706,2025-12-07,C1336,P105,1,112
O05707,2025-12-08,C1695,P102,1,88
O05708,2025-12-09,C1962,P104,4,34
O05709,2025-12-10,C1776,P100,1,57
O05710,2025-12-11,C1174,P101,5,36
O05711,2025-12-12,C1808,P102,5,97
O05712,2025-12-13,C1539,P107,5,61
O05713,2025-12-14,C1068,P103,4,190
O05714,2025-12-15,C1870,P100,3,146
O05715,2025-12-16,C1529,P108,3,144
O05716,2025-12-17,C1102,P108,5,39
O05717,2025-12-18,C1209,P101,1,165
O05718,2025-12-19,C1632,P102,1,124
O05719,2025-12-20,C1812,P103,2,135
O05720,2025-12-21,C1522,P103,3,104
O05721,2025-12-22,C1634,P107,3,99
O05722,2025-12-23,C1379,P107,2,75
O05723,2025-12-24,C1931,P107,3,126
O05724,2025-12-25,C1667,P104,2,163
O05725,2025-12-26,C1965,P107,2,197
O05726,2025-12-27,C1131,P106,4,198
O05727,2025-12-28,C1189,P104,1,192
O05728,2025-12-29,C1920,P102,3,115
O05729,2025-12-30,C1919,P100,4,63
O05730,2025-12-31,C1160,P102,3,43
O05731,2026-01-01,C1858,P103,5,52
O05732,2026-01-02,C1131,P102,1,81
O05733,2026-01-03,C1014,P104,4,59
O05734,2026-01-04,C1522,P100,1,72
O05735,2026-01-05,C1100,P105,2,179
O05736,2026-01-06,C1919,P100,4,159
O05737,2026-01-07,C1297,P101,5,142
O05738,2026-01-08,C1342,P104,4,150
O05739,2026-01-09,C1264,P105,1,104
O05740,2026-01-10,C1074,P107,3,46
O05741,2026-01-11,C1673,P106,3,31
O05742,2026-01-12,C1550,P102,2,117
O05743,2026-01-13,C1279,P100,2,99
O05744,2026-01-14,C1066,P107,5,100
O05745,2026-01-15,C1253,P103,5,74
O05746,2026-01-16,C1790,P103,2,64
O05747,2026-01-17,C1700,P100,5,55
O05748,2026-01-18,C1151,P100,2,129
O05749,2026-01-19,C1048,P109,5,123
O05750,2026-01-20,C1541,P104,2,57
O05751,2026-01-21,C1836,P107,2,104
O05752,2026-01-22,C1606,P101,4,32
O05753,2026-01-23,C1991,P108,4,80
O05754,2026-01-24,C1436,P108,3,163
O05755,2026-01-25,C1017,P108,2,104
O05756,2026-01-26,C1721,P109,5,79
O05757,2026-01-27,C1227,P101,5,65
O05758,2026-01-28,C1251,P108,2,155
O05759,2026-01-29,C1656,P104,2,76
O05760,2026-01-30,C1715,P103,4,140
O05761,2026-01-31,C1201,P100,1,178
O05762,2026-02-01,C1869,P107,2,171
O05763,2026-02-02,C1874,P108,4,196
O05764,2026-02-03,C1034,P106,5,195
O05765,2026-02-04,C1021,P106,4,96
O05766,2026-02-05,C1775,P101,2,74
O05767,2026-02-06,C1993,P109,1,41
O05768,2026-02-07,C1581,P105,4,165
O05769,2026-02-08,C1333,P101,2,76
O05770,2026-02-09,C1139,P102,3,61
O05771,2026-02-10,C1195,P104,3,78
O05772,2026-02-11,C1207,P105,1,135
O05773,2026-02-12,C1567,P104,1,31
O05774,2026-02-13,C1398,P101,2,130
O05775,2026-02-14,C1490,P105,4,91
O05776,2026-02-15,C1126,P100,4,30
O05777,2026-02-16,C1855,P103,4,152
O05778,2026-02-17,C1929,P108,2,33
O05779,2026-02-18,C1110,P109,4,48
O05780,2026-02-19,C1740,P101,2,129
O05781,2026-02-20,C1547,P103,1,153
O05782,2026-02-21,C1505,P104,3,79
O05783,2026-02-22,C1052,P107,1,169
O05784,2026-02-23,C1158,P108,5,101
O05785,2026-02-24,C1991,P109,4,92
O05786,2026-02-25,C1201,P103,3,121
O05787,2026-02-26,C1791,P107,3,96
O05788,2026-02-27,C1563,P105,5,120
O05789,2026-02-28,C1634,P108,1,196
O05790,2026-03-01,C1160,P109,5,101
O05791,2026-03-02,C1634,P109,4,77
O05792,2026-03-03,C1871,P101,3,103
O05793,2026-03-04,C1127,P101,1,104
O05794,2026-03-05,C1841,P101,1,198
O05795,2026-03-06,C1229,P102,3,119
O05796,2026-03-07,C1074,P105,3,59
O05797,2026-03-08,C1663,P100,3,111
O05798,2026-03-09,C1366,P103,4,171
O05799,2026-03-10,C1907,P106,5,137
O05800,2026-03-11,C1205,P109,3,50
O05801,2026-03-12,C1568,P108,2,165
O05802,2026-03-13,C1358,P102,4,143
O05803,2026-03-14,C1473,P107,1,43
O05804,2026-03-15,C1865,P107,1,125
O05805,2026-03-16,C1886,P101,2,86
O05806,2026-03-17,C1044,P103,1,185
O05807,2026-03-18,C1327,P107,1,47
O05808,2026-03-19,C1938,P105,2,188
O05809,2026-03-20,C1092,P107,1,88
O05810,2026-03-21,C1524,P109,1,200
O05811,2026-03-22,C1496,P109,3,59
O05812,2026-03-23,C1039,P103,5,144
O05813,2026-03-24,C1209,P102,5,151
O05814,2026-03-25,C1965,P103,2,65
O05815,2026-03-26,C1848,P104,4,166
O05816,2026-03-27,C1037,P100,1,124
O05817,2026-03-28,C1770,P105,2,124
O05818,2026-03-29,C1094,P102,4,191
O05819,2026-03-30,C1463,P104,3,85
O05820,2026-03-31,C1378,P100,5,60
O05821,2026-04-01,C1113,P104,3,50
O05822,2026-04-02,C1586,P101,1,40
O05823,2026-04-03,C1586,P106,4,90
O05824,2026-04-04,C1326,P100,2,135
O05825,2026-04-05,C1438,P105,5,68
O05826,2026-04-06,C1991,P100,1,90
O05827,2026-04-07,C1198,P101,3,181
O05828,2026-04-08,C1724,P106,1,31
O05829,2026-04-09,C1316,P101,5,153
O05830,2026-04-10,C1550,P104,2,84
O05831,2026-04-11,C1041,P104,4,127
O05832,2026-04-12,C1851,P100,4,43
O05833,2026-04-13,C1561,P103,4,138
O05834,2026-04-14,C1408,P100,5,95
O05835,2026-04-15,C1870,P106,2,72
O05836,2026-04-16,C1187,P103,1,120
O05837,2026-04-17,C1982,P105,1,159
O05838,2026-04-18,C1076,P104,5,61
O05839,2026-04-19,C1523,P100,4,140
O05840,2026-04-20,C1887,P106,4,199
O05841,2026-04-21,C1400,P103,1,60
O05842,2026-04-22,C1461,P104,5,42
O05843,2026-04-23,C1875,P108,5,71
O05844,2026-04-24,C1564,P102,1,137
O05845,2026-04-25,C1629,P101,4,181
O05846,2026-04-26,C1130,P109,1,101
O05847,2026-04-27,C1977,P100,5,117
O05848,2026-04-28,C1948,P104,3,132
O05849,2026-04-29,C1360,P106,5,125
O05850,2026-04-30,C1646,P104,4,113
O05851,2026-05-01,C1929,P103,3,133
O05852,2026-05-02,C1333,P104,4,155
O05853,2026-05-03,C1101,P107,4,85
O05854,2026-05-04,C1831,P102,3,57
O05855,2026-05-05,C1295,P104,3,133
O05856,2026-05-06,C1022,P108,3,171
O05857,2026-05-07,C1413,P102,3,36
O05858,2026-05-08,C1901,P108,4,107
O05859,2026-05-09,C1337,P106,4,158
O05860,2026-05-10,C1530,P101,5,163
O05861,2026-05-11,C1551,P108,2,74
O05862,2026-05-12,C1863,P104,2,198
O05863,2026-05-13,C1498,P107,5,93
O05864,2026-05-14,C1877,P109,5,171
O05865,2026-05-15,C1863,P105,5,131
O05866,2026-05-16,C1365,P106,1,161
O05867,2026-05-17,C1773,P105,2,90
O05868,2026-05-18,C1163,P104,4,141
O05869,2026-05-19,C1060,P107,5,194
O05870,2026-05-20,C1587,P101,3,115
O05871,2026-05-21,C1682,P101,1,38
O05872,2026-05-22,C1702,P102,4,65
O05873,2026-05-23,C1677,P100,1,44
O05874,2026-05-24,C1598,P102,1,32
O05875,2026-05-25,C1261,P102,2,179
O05876,2026-05-26,C1157,P108,4,62
O05877,2026-05-27,C1327,P109,1,148
O05878,2026-05-28,C1890,P106,2,157
O05879,2026-05-29,C1488,P108,3,74
O05880,2026-05-30,C1869,P105,1,140
O05881,2026-05-31,C1683,P104,2,149
O05882,2026-06-01,C1980,P100,1,198
O05883,2026-06-02,C1255,P107,1,49
O05884,2026-06-03,C1782,P103,4,193
O05885,2026-06-04,C1139,P108,3,190
O05886,2026-06-05,C1763,P105,5,47
O05887,2026-06-06,C1830,P107,2,87
O05888,2026-06-07,C1141,P109,1,107
O05889,2026-06-08,C1494,P106,4,113
O05890,2026-06-09,C1521,P100,2,189
O05891,2026-06-10,C1819,P105,4,144
O05892,2026-06-11,C1909,P100,3,148
O05893,2026-06-12,C1400,P104,2,104
O05894,2026-06-13,C1314,P100,3,181
O05895,2026-06-14,C1027,P103,5,51
O05896,2026-06-15,C1802,P101,3,192
O05897,2026-06-16,C1880,P102,4,97
O05898,2026-06-17,C1765,P103,1,169
O05899,2026-06-18,C1369,P103,1,190
O05900,2026-06-19,C1579,P103,5,111
O05901,2026-06-20,C1820,P100,3,94
O05902,2026-06-21,C1369,P107,1,172
O05903,2026-06-22,C1472,P108,4,172
O05904,2026-06-23,C1389,P106,5,179
O05905,2026-06-24,C1905,P101,3,115
O05906,2026-06-25,C1210,P105,1,180
O05907,2026-06-26,C1430,P108,3,166
O05908,2026-06-27,C1474,P109,2,42
O05909,2026-06-28,C1516,P107,4,148
O05910,2026-06-29,C1259,P108,1,141
O05911,2026-06-30,C1463,P105,4,118
O05912,2026-07-01,C1333,P101,3,189
O05913,2026-07-02,C1808,P101,2,91
O05914,2026-07-03,C1405,P108,2,98
O05915,2026-07-04,C1976,P108,1,142
O05916,2026-07-05,C1633,P100,2,134
O05917,2026-07-06,C1780,P100,3,171
O05918,2026-07-07,C1555,P102,3,167
O05919,2026-07-08,C1612,P106,4,67
O05920,2026-07-09,C1193,P100,1,182
O05921,2026-07-10,C1541,P105,5,167
O05922,2026-07-11,C1869,P108,2,41
O05923,2026-07-12,C1374,P108,3,60
O05924,2026-07-13,C1871,P102,2,72
O05925,2026-07-14,C1383,P105,1,157
O05926,2026-07-15,C1959,P108,3,145
O05927,2026-07-16,C1513,P102,1,42
O05928,2026-07-17,C1527,P104,3,50
O05929,2026-07-18,C1752,P108,3,72
O05930,2026-07-19,C1677,P104,1,199
O05931,2026-07-20,C1896,P103,5,135
O05932,2026-07-21,C1354,P100,3,130
O05933,2026-07-22,C1981,P109,4,136
O05934,2026-07-23,C1079,P103,2,69
O05935,2026-07-24,C1267,P106,3,45
O05936,2026-07-25,C1485,P102,2,136
O05937,2026-07-26,C1266,P106,4,34
O05938,2026-07-27,C1240,P102,1,86
O05939,2026-07-28,C1707,P104,4,185
O05940,2026-07-29,C1578,P107,1,196
O05941,2026-07-30,C1040,P105,3,113
O05942,2026-07-31,C1731,P109,3,88
O05943,2026-08-01,C1974,P100,5,49
O05944,2026-08-02,C1724,P102,4,172
O05945,2026-08-03,C1043,P109,1,131
O05946,2026-08-04,C1598,P100,5,97
O05947,2026-08-05,C1001,P108,3,43
O05948,2026-08-06,C1112,P104,3,105
O05949,2026-08-07,C1114,P103,2,138
O05950,2026-08-08,C1197,P102,2,146
O05951,2026-08-09,C1516,P104,1,134
O05952,2026-08-10,C1621,P103,4,69
O05953,2026-08-11,C1308,P107,1,102
O05954,2026-08-12,C1952,P100,2,117
O05955,2026-08-13,C1286,P101,2,119
O05956,2026-08-14,C1690,P100,4,166
O05957,2026-08-15,C1044,P100,4,146
O05958,2026-08-16,C1738,P105,4,114
O05959,2026-08-17,C1622,P102,4,91
O05960,2026-08-18,C1349,P109,2,183
O05961,2026-08-19,C1177,P102,5,89
O05962,2026-08-20,C1372,P102,3,37
O05963,2026-08-21,C1694,P104,4,180
O05964,2026-08-22,C1999,P105,5,157
O05965,2026-08-23,C1507,P109,4,46
O05966,2026-08-24,C1371,P102,4,180
O05967,2026-08-25,C1633,P101,5,30
O05968,2026-08-26,C1800,P109,4,153
O05969,2026-08-27,C1247,P103,3,139
O05970,2026-08-28,C1042,P103,5,59
O05971,2026-08-29,C1750,P101,3,90
O05972,2026-08-30,C1153,P109,4,110
O05973,2026-08-31,C1970,P102,1,122
O05974,2026-09-01,C1872,P106,2,30
O05975,2026-09-02,C1685,P104,2,111
O05976,2026-09-03,C1763,P108,3,88
O05977,2026-09-04,C1642,P103,4,133
O05978,2026-09-05,C1730,P108,5,118
O05979,2026-09-06,C1859,P100,5,142
O05980,2026-09-07,C1219,P109,1,172
O05981,2026-09-08,C1363,P104,5,48
O05982,2026-09-09,C1052,P106,1,162
O05983,2026-09-10,C1970,P106,5,127
O05984,2026-09-11,C1336,P104,5,119
O05985,2026-09-12,C1763,P106,3,132
O05986,2026-09-13,C1286,P103,4,172
O05987,2026-09-14,C1255,P104,2,177
O05988,2026-09-15,C1871,P102,3,184
O05989,2026-09-16,C1214,P109,1,172
O05990,2026-09-17,C1254,P108,2,38
O05991,2026-09-18,C1520,P103,4,133
O05992,2026-09-19,C1179,P109,5,143
O05993,2026-09-20,C1859,P109,3,97
O05994,2026-09-21,C1248,P102,1,91
O05995,2026-09-22,C1252,P101,5,79
O05996,2026-09-23,C1482,P104,5,152
O05997,2026-09-24,C1539,P101,4,50
O05998,2026-09-25,C1885,P107,5,168
O05999,2026-09-26,C1222,P108,2,109
